Vibration,Motor Internal,Motor Surface,Wire internal1,Wire internal2,Motor Stress,Machine stress,Overall Stress
10.9,32.75,32.5,30.25,30.12,273.59,273.59,273.59
11.1,32.75,32.5,30.25,30.19,278.61,278.61,278.61
10.94,32.75,32.5,30.25,30.12,274.59,274.59,274.59
10.87,32.75,32.5,30.25,30.19,272.83,272.84,272.84
10.9,32.75,32.5,30.25,30.12,273.59,273.59,273.59
11.1,32.75,32.5,30.19,30.19,278.61,278.61,278.61
10.71,32.75,32.5,30.25,30.12,268.82,268.82,268.82
10.83,32.75,32.5,30.25,30.12,271.83,271.83,271.83
11.02,32.75,32.5,30.25,30.19,276.60,276.60,276.60
11.06,32.75,32.5,30.25,30.12,277.60,277.60,277.60
11.14,32.75,32.75,30.25,30.19,279.61,279.61,279.61
10.87,32.75,32.5,30.25,30.19,272.83,272.84,272.84
10.79,32.75,32.5,30.25,30.19,270.83,270.83,270.83
11.02,32.75,32.75,30.25,30.12,276.60,276.60,276.60
10.87,32.75,32.75,30.25,30.12,272.84,272.84,272.84
11.06,32.75,32.75,30.25,30.19,277.61,277.61,277.61
10.55,32.75,32.75,30.25,30.19,264.81,264.80,264.80
10.63,33,32.75,30.25,30.19,266.81,266.81,266.81
10.79,32.75,32.75,30.25,30.19,270.83,270.83,270.83
10.55,33,32.75,30.25,30.12,264.80,264.80,264.80
10.59,33,32.75,30.25,30.19,265.81,265.81,265.81
10.47,33,32.75,30.25,30.12,262.79,262.80,262.79
11.14,33,32.75,30.25,30.12,279.61,279.61,279.61
11.3,33,33,30.25,30.19,283.63,283.63,283.63
10.28,33,33,30.25,30.19,258.03,258.03,258.03
11.3,33,33,30.25,30.19,283.63,283.63,283.63
9.69,33,32.75,30.25,30.19,243.22,243.22,243.22
11.18,33,32.75,30.25,30.19,280.61,280.62,280.62
10.87,33,32.75,30.25,30.19,272.83,272.84,272.84
10.98,33,32.75,30.25,30.12,275.59,275.60,275.60
10.94,33,32.75,30.25,30.19,274.59,274.59,274.59
10.79,33,33,30.25,30.19,270.83,270.83,270.83
10.98,33,33,30.25,30.19,275.60,275.60,275.60
11.02,33,33,30.25,30.19,276.60,276.60,276.60
10.9,33,33,30.25,30.19,273.59,273.59,273.59
10.79,33,33,30.25,30.19,270.83,270.83,270.83
10.79,33,33,30.25,30.19,270.83,270.83,270.83
10.79,33,33,30.25,30.19,270.83,270.83,270.83
10.79,33,33,30.25,30.19,270.83,270.83,270.83
10.67,33,33,30.25,30.19,267.82,267.82,267.82
10.9,33,33,30.25,30.19,273.59,273.59,273.59
10.94,33,33,30.25,30.19,274.59,274.59,274.59
10.67,33,33,30.25,30.19,267.82,267.82,267.82
11.06,33,33,30.25,30.19,277.61,277.61,277.61
10.87,33,33,30.25,30.19,272.84,272.84,272.84
10.94,33,33,30.25,30.12,274.59,274.59,274.59
11.06,33,33,30.25,30.19,277.61,277.61,277.61
11.53,33,33,30.25,30.19,289.40,289.40,289.40
10.79,33,33,30.25,30.19,270.83,270.83,270.83
10.67,33,33,30.25,30.19,267.82,267.82,267.82
10.9,33,33.25,30.25,30.12,273.59,273.59,273.59
11.06,33,33.25,30.25,30.19,277.61,277.61,277.61
11.06,33.25,33.25,30.25,30.19,277.61,277.61,277.61
11.14,33,33,30.25,30.12,279.61,279.61,279.61
11.1,33.25,33.25,30.25,30.19,278.61,278.61,278.61
10.63,33.25,33.25,30.25,30.19,266.81,266.81,266.81
10.75,33.25,33.25,30.25,30.19,269.83,269.82,269.82
10.63,33,33.25,30.25,30.25,266.82,266.81,266.81
10.9,33.25,33.5,30.25,30.19,273.59,273.59,273.59
11.02,33.25,33.25,30.25,30.19,276.60,276.60,276.60
10.9,33.25,33.5,30.25,30.19,273.59,273.59,273.59
10.71,33.25,33.5,30.25,30.19,268.82,268.82,268.82
10.83,33.25,33.5,30.25,30.19,271.84,271.83,271.83
11.06,33.25,33.5,30.25,30.19,277.61,277.61,277.61
11.14,33.25,33.5,30.25,30.19,279.62,279.61,279.62
10.94,33.25,33.5,30.25,30.19,274.60,274.59,274.60
10.87,33.25,33.5,30.25,30.12,272.84,272.84,272.84
10.83,33.25,33.5,30.25,30.19,271.84,271.83,271.83
11.1,33.25,33.5,30.25,30.19,278.61,278.61,278.61
11.02,33.25,33.5,30.25,30.19,276.61,276.60,276.60
10.87,33.25,33.5,30.25,30.19,272.84,272.84,272.84
10.71,33.25,33.5,30.25,30.19,268.82,268.82,268.82
11.02,33.25,33.5,30.25,30.19,276.61,276.60,276.60
10.87,33.25,33.5,30.25,30.19,272.84,272.84,272.84
11.1,33.25,33.75,30.25,30.19,278.62,278.61,278.61
10.24,33.25,33.5,30.25,30.19,257.03,257.02,257.03
11.02,33.25,33.75,30.25,30.19,276.61,276.60,276.60
10.83,33.25,33.75,30.25,30.19,271.84,271.83,271.84
10.83,33.25,33.5,30.25,30.19,271.84,271.83,271.83
10.55,33.25,33.75,30.25,30.19,264.81,264.80,264.81
10.79,33.25,33.75,30.25,30.19,270.84,270.83,270.83
10.71,33.25,33.75,30.25,30.19,268.83,268.82,268.82
11.02,33.25,33.75,30.25,30.19,276.61,276.60,276.60
10.79,33.25,33.75,30.25,30.19,270.84,270.83,270.83
10.9,33.5,33.75,30.25,30.19,273.59,273.59,273.59
10.67,33.5,33.75,30.25,30.19,267.82,267.82,267.82
11.22,33.5,33.75,30.25,30.19,281.63,281.62,281.62
10.98,33.5,33.75,30.25,30.19,275.60,275.60,275.60
11.3,33.5,33.75,30.25,30.19,283.63,283.63,283.63
10.67,33.5,34,30.25,30.19,267.82,267.82,267.82
10.83,33.5,34,30.25,30.19,271.84,271.83,271.84
10.9,33.5,34,30.25,30.19,273.60,273.59,273.59
10.55,33.5,34,30.25,30.19,264.81,264.80,264.81
10.71,33.5,34,30.25,30.19,268.83,268.82,268.82
11.06,33.5,34,30.25,30.19,277.61,277.61,277.61
11.06,33.5,34,30.25,30.19,277.61,277.61,277.61
10.94,33.5,33.75,30.25,30.19,274.60,274.59,274.60
11.02,33.5,34,30.25,30.19,276.61,276.60,276.60
10.71,33.5,34,30.25,30.19,268.83,268.82,268.82
10.63,33.5,34,30.25,30.19,266.82,266.81,266.82
10.94,33.5,34,30.25,30.19,274.60,274.59,274.60
10.75,33.5,34,30.25,30.19,269.83,269.82,269.83
10.75,33.5,34,30.25,30.19,269.83,269.82,269.83
11.02,33.5,34,30.25,30.19,276.61,276.60,276.60
11.1,33.75,34,30.25,30.19,278.61,278.61,278.61
10.71,33.5,34,30.25,30.19,268.83,268.82,268.82
10.9,33.5,34.25,30.25,30.19,273.60,273.59,273.59
10.71,33.75,34,30.25,30.19,268.82,268.82,268.82
10.94,33.75,34.25,30.25,30.19,274.60,274.59,274.60
10.9,33.75,34.25,30.25,30.19,273.60,273.59,273.59
10.67,33.75,34.25,30.25,30.19,267.82,267.82,267.82
10.71,33.75,34.25,30.25,30.19,268.83,268.82,268.82
10.9,33.75,34.25,30.25,30.19,273.60,273.59,273.59
11.02,33.75,34.5,30.25,30.19,276.61,276.60,276.61
10.98,33.75,34.25,30.25,30.19,275.60,275.60,275.60
10.63,33.75,34.25,30.25,30.19,266.82,266.81,266.82
10.71,33.75,34.5,30.25,30.19,268.83,268.82,268.83
10.63,33.75,34.5,30.25,30.19,266.82,266.81,266.82
11.06,33.75,34.5,30.25,30.19,277.62,277.61,277.61
10.87,33.75,34.5,30.25,30.19,272.85,272.84,272.84
10.79,33.75,34.5,30.25,30.19,270.84,270.83,270.83
10.9,33.75,34.5,30.25,30.19,273.60,273.59,273.59
10.98,33.75,34.5,30.25,30.19,275.61,275.60,275.60
10.9,33.75,34.5,30.25,30.25,273.60,273.59,273.59
10.83,34,34.5,30.25,30.19,271.84,271.83,271.84
10.9,34,34.5,30.25,30.25,273.60,273.59,273.59
10.9,34,34.5,30.25,30.19,273.60,273.59,273.59
11.1,34,34.5,30.25,30.19,278.62,278.61,278.61
10.94,34,34.5,30.25,30.19,274.60,274.59,274.60
10.9,34,34.5,30.25,30.25,273.60,273.59,273.59
11.02,34,34.5,30.25,30.19,276.61,276.60,276.60
10.98,34,34.5,30.25,30.19,275.60,275.60,275.60
10.75,34,34.5,30.25,30.19,269.83,269.82,269.83
10.87,34,34.75,30.25,30.19,272.85,272.84,272.84
10.59,34,34.75,30.25,30.25,265.82,265.81,265.81
10.79,34,34.75,30.25,30.19,270.84,270.83,270.83
10.9,34,34.75,30.25,30.25,273.60,273.59,273.59
10.67,34,34.75,30.25,30.25,267.83,267.82,267.82
10.94,34.25,34.75,30.25,30.19,274.60,274.59,274.60
10.87,34.25,34.75,30.25,30.19,272.84,272.84,272.84
10.67,34.25,34.75,30.25,30.19,267.82,267.82,267.82
11.14,34.25,34.75,30.25,30.19,279.62,279.61,279.62
10.83,34.25,34.75,30.25,30.19,271.84,271.83,271.84
10.75,34.25,34.75,30.25,30.25,269.83,269.83,269.83
10.83,34.25,34.75,30.25,30.19,271.84,271.83,271.84
10.67,34.25,34.5,30.25,30.19,267.82,267.82,267.82
10.75,34.25,34.75,30.25,30.19,269.83,269.82,269.83
11.57,34.25,34.75,30.25,30.25,290.41,290.41,290.41
10.98,34.25,34.75,30.25,30.19,275.60,275.60,275.60
10.94,34.25,34.75,30.25,30.19,274.60,274.59,274.60
10.16,34.25,34.75,30.25,30.19,255.02,255.02,255.02
11.18,34.25,34.75,30.25,30.19,280.62,280.62,280.62
10.87,34.5,35,30.25,30.19,272.84,272.84,272.84
10.98,34.5,35,30.25,30.25,275.60,275.60,275.60
10.55,34.5,34.75,30.25,30.19,264.81,264.80,264.81
10.75,34.5,35,30.31,30.19,269.83,269.82,269.83
10.67,34.5,35,30.25,30.19,267.82,267.82,267.82
11.02,34.5,35,30.25,30.19,276.61,276.60,276.60
10.79,34.5,35,30.25,30.19,270.84,270.83,270.83
10.75,34.5,35.25,30.25,30.19,269.83,269.82,269.83
10.71,34.5,35.25,30.25,30.19,268.83,268.82,268.83
10.87,34.5,35.25,30.25,30.19,272.85,272.84,272.84
10.87,34.5,35.25,30.25,30.19,272.85,272.84,272.84
10.87,34.5,35.25,30.25,30.25,272.85,272.84,272.84
11.22,34.5,35.25,30.25,30.19,281.63,281.62,281.63
11.06,34.5,35.25,30.25,30.25,277.62,277.61,277.61
11.1,34.5,35.25,30.25,30.19,278.62,278.61,278.61
10.71,34.75,35.25,30.25,30.19,268.83,268.82,268.82
10.71,34.75,35.25,30.25,30.19,268.83,268.82,268.82
10.63,34.75,35.25,30.25,30.19,266.82,266.81,266.82
10.71,34.75,35.25,30.25,30.19,268.83,268.82,268.82
10.67,34.75,35.25,30.25,30.19,267.82,267.82,267.82
10.9,34.75,35.25,30.25,30.25,273.60,273.59,273.59
10.83,34.75,35.25,30.25,30.19,271.84,271.83,271.84
11.02,34.75,35.5,30.25,30.19,276.61,276.60,276.61
11.14,34.75,35.25,30.25,30.19,279.62,279.61,279.62
10.83,34.75,35.25,30.25,30.19,271.84,271.83,271.84
11.14,34.75,35.5,30.25,30.19,279.62,279.61,279.62
10.51,34.75,35.5,30.25,30.19,263.81,263.80,263.81
10.59,34.75,35.5,30.25,30.19,265.82,265.81,265.81
10.79,34.75,35.5,30.25,30.19,270.84,270.83,270.83
10.67,34.75,35.5,30.25,30.19,267.83,267.82,267.82
10.94,34.75,35.5,30.25,30.25,274.60,274.59,274.60
10.79,34.75,35.5,30.25,30.19,270.84,270.83,270.83
10.79,34.75,35.5,30.25,30.19,270.84,270.83,270.83
10.94,34.75,35.5,30.25,30.19,274.60,274.59,274.60
10.63,34.75,35.5,30.25,30.19,266.82,266.81,266.82
10.63,34.75,35.75,30.25,30.19,266.83,266.81,266.82
10.67,34.75,35.75,30.25,30.19,267.83,267.82,267.82
10.83,34.75,35.5,30.25,30.19,271.84,271.83,271.84
10.79,34.75,35.75,30.25,30.25,270.84,270.83,270.84
10.87,34.75,35.75,30.25,30.19,272.85,272.84,272.84
10.87,34.75,35.75,30.25,30.19,272.85,272.84,272.84
10.9,35,35.75,30.25,30.25,273.60,273.59,273.59
10.94,35,35.75,30.25,30.19,274.60,274.59,274.60
10.63,35,35.75,30.25,30.19,266.82,266.81,266.82
11.1,35,35.75,30.25,30.19,278.62,278.61,278.61
10.63,35,35.75,30.25,30.25,266.82,266.81,266.82
10.79,35,35.75,30.25,30.19,270.84,270.83,270.83
10.9,35,35.75,30.31,30.19,273.60,273.59,273.59
10.71,35,35.75,30.25,30.19,268.83,268.82,268.83
11.02,35,35.75,30.25,30.19,276.61,276.60,276.61
10.51,35,35.75,30.25,30.25,263.81,263.80,263.81
10.75,35,36,30.25,30.25,269.84,269.83,269.83
10.75,35,35.75,30.25,30.19,269.83,269.82,269.83
10.67,35,36,30.25,30.25,267.83,267.82,267.82
10.94,35.25,36,30.25,30.25,274.60,274.59,274.60
10.87,35,36,30.25,30.19,272.85,272.84,272.84
10.75,35.25,36,30.25,30.19,269.83,269.82,269.83
10.9,35,36,30.25,30.19,273.60,273.59,273.60
10.83,35.25,36,30.25,30.19,271.84,271.83,271.84
10.9,35.25,36,30.25,30.25,273.60,273.59,273.59
10.98,35.25,36,30.25,30.19,275.61,275.60,275.60
10.94,35.25,36,30.25,30.19,274.60,274.59,274.60
11.41,35.25,36,30.25,30.19,286.40,286.39,286.40
10.59,35.25,36,30.31,30.19,265.82,265.81,265.81
10.79,35.25,36,30.25,30.19,270.84,270.83,270.83
10.79,35.25,36,30.25,30.19,270.84,270.83,270.83
10.75,35.25,35.75,30.25,30.19,269.83,269.82,269.83
10.83,35.25,36,30.25,30.19,271.84,271.83,271.84
11.18,35.25,36,30.25,30.19,280.63,280.62,280.62
10.71,35.25,36,30.25,30.19,268.83,268.82,268.83
10.75,35.5,36,30.25,30.19,269.83,269.82,269.83
10.71,35.5,36,30.25,30.19,268.83,268.82,268.82
10.59,35.5,36,30.25,30.19,265.82,265.81,265.81
10.63,35.5,36.25,30.25,30.25,266.82,266.81,266.82
10.94,35.5,36,30.25,30.19,274.60,274.59,274.60
10.9,35.5,36,30.25,30.25,273.60,273.59,273.59
10.9,35.5,36,30.25,30.19,273.60,273.59,273.59
11.1,35.5,36.25,30.25,30.25,278.62,278.61,278.61
10.83,35.5,36,30.25,30.19,271.84,271.83,271.84
11.14,35.75,36.25,30.25,30.19,279.62,279.61,279.62
10.87,35.75,36,30.31,30.19,272.84,272.84,272.84
10.83,35.75,36.25,30.25,30.19,271.84,271.83,271.84
10.94,35.75,36.25,30.25,30.19,274.60,274.59,274.60
11.1,35.75,36.25,30.25,30.19,278.62,278.61,278.61
11.1,35.75,36.25,30.25,30.19,278.62,278.61,278.61
11.18,35.75,36.25,30.25,30.19,280.62,280.62,280.62
11.14,35.75,36.25,30.31,30.25,279.62,279.61,279.62
10.75,35.75,36.25,30.25,30.19,269.83,269.82,269.83
10.9,35.75,36.25,30.25,30.19,273.60,273.59,273.59
11.06,35.75,36.25,30.25,30.19,277.61,277.61,277.61
10.9,35.75,36.25,30.25,30.19,273.60,273.59,273.59
10.87,36,36.5,30.25,30.25,272.84,272.84,272.84
10.94,36,36.5,30.25,30.19,274.60,274.59,274.60
10.75,36,36.5,30.25,30.19,269.83,269.82,269.83
10.75,36,36.5,30.25,30.19,269.83,269.82,269.83
10.79,36,36.5,30.25,30.19,270.84,270.83,270.83
10.9,36,36.5,30.25,30.25,273.60,273.59,273.59
10.94,36,36.5,30.25,30.25,274.60,274.59,274.60
10.83,36,36.5,30.25,30.25,271.84,271.83,271.84
10.87,36,36.5,30.25,30.19,272.84,272.84,272.84
10.87,36,36.5,30.25,30.25,272.84,272.84,272.84
10.87,36,36.5,30.25,30.25,272.84,272.84,272.84
10.79,36,36.5,30.25,30.25,270.84,270.83,270.83
10.94,36,36.5,30.25,30.19,274.60,274.59,274.60
10.83,36,36.5,30.25,30.25,271.84,271.83,271.84
10.83,36,36.5,30.25,30.25,271.84,271.83,271.84
10.87,36.25,36.75,30.25,30.25,272.84,272.84,272.84
10.87,36.25,36.75,30.25,30.19,272.84,272.84,272.84
10.63,36.25,36.75,30.25,30.19,266.82,266.81,266.82
11.02,36.25,36.75,30.25,30.25,276.61,276.60,276.61
11.06,36.25,36.75,30.25,30.25,277.61,277.61,277.61
10.87,36.25,36.75,30.25,30.19,272.84,272.84,272.84
10.87,36.25,36.75,30.25,30.25,272.84,272.84,272.84
10.75,36.25,36.75,30.25,30.19,269.83,269.82,269.83
10.47,36.25,36.75,30.25,30.19,262.80,262.80,262.80
10.98,36.25,37,30.25,30.19,275.61,275.60,275.60
11.02,36.25,37,30.25,30.25,276.61,276.60,276.61
10.83,36.25,37,30.25,30.19,271.84,271.83,271.84
10.87,36.25,37,30.25,30.19,272.85,272.84,272.84
10.9,36.25,37,30.25,30.19,273.60,273.59,273.59
11.06,36.25,37,30.25,30.19,277.62,277.61,277.61
11.02,36.25,37.25,30.25,30.25,276.61,276.60,276.61
10.87,36.25,37,30.25,30.25,272.85,272.84,272.84
11.06,36.25,37,30.25,30.25,277.62,277.61,277.61
10.83,36.25,37,30.25,30.19,271.84,271.83,271.84
11.06,36.25,37,30.25,30.19,277.62,277.61,277.61
10.87,36.25,36.75,30.25,30.25,272.84,272.84,272.84
10.63,36.25,37,30.25,30.19,266.82,266.81,266.82
11.14,36.5,36.75,30.25,30.19,279.62,279.61,279.62
11.02,36.5,36.75,30.25,30.19,276.61,276.60,276.60
10.67,36.25,37,30.31,30.19,267.83,267.82,267.82
10.79,36.5,36.75,30.25,30.19,270.83,270.83,270.83
10.98,36.5,37,30.25,30.25,275.60,275.60,275.60
10.9,36.5,37,30.25,30.25,273.60,273.59,273.59
10.87,36.5,37,30.25,30.25,272.84,272.84,272.84
10.9,36.5,37,30.25,30.19,273.60,273.59,273.59
10.94,36.5,37,30.25,30.19,274.60,274.59,274.60
10.71,36.5,37,30.25,30.19,268.83,268.82,268.82
10.83,36.5,37.25,30.25,30.25,271.84,271.83,271.84
10.87,36.5,37,30.25,30.25,272.84,272.84,272.84
10.71,36.5,37,30.25,30.19,268.83,268.82,268.82
10.67,36.5,37.25,30.31,30.25,267.83,267.82,267.82
10.94,36.5,37.25,30.25,30.25,274.60,274.59,274.60
10.83,36.75,37.25,30.25,30.19,271.84,271.83,271.84
10.9,36.75,37.25,30.25,30.19,273.60,273.59,273.59
10.9,36.75,37.25,30.25,30.19,273.60,273.59,273.59
10.79,36.75,37.25,30.25,30.19,270.84,270.83,270.83
10.87,36.75,37.25,30.25,30.19,272.84,272.84,272.84
10.75,36.75,37.25,30.25,30.25,269.83,269.83,269.83
10.83,36.75,37.25,30.31,30.19,271.84,271.83,271.84
10.87,36.75,37.25,30.25,30.19,272.84,272.84,272.84
1.1,36.75,37.25,30.25,30.19,27.62,27.61,27.61
0.9,36.75,37.5,30.25,30.25,22.60,22.59,22.59
0.98,36.75,37.5,30.25,30.19,24.61,24.60,24.60
0.86,36.75,37.5,30.25,30.19,21.60,21.59,21.59
0.98,36.75,37.5,30.25,30.19,24.61,24.60,24.60
0.9,36.75,37.5,30.25,30.25,22.60,22.59,22.59
0.71,36.75,37.5,30.25,30.19,17.83,17.82,17.83
1.1,36.75,37.5,30.25,30.19,27.62,27.61,27.61
0.75,36.75,37.5,30.25,30.19,18.83,18.82,18.83
1.22,37,37.5,30.25,30.25,30.63,30.62,30.63
1.26,37,37.5,30.25,30.25,31.63,31.63,31.63
0.98,37,37.5,30.25,30.19,24.60,24.60,24.60
0.86,37,37.5,30.25,30.19,21.59,21.59,21.59
0.86,37,37.5,30.25,30.19,21.59,21.59,21.59
0.98,37,37.75,30.25,30.19,24.61,24.60,24.60
1.02,37,37.75,30.25,30.25,25.61,25.60,25.61
0.82,37,37.5,30.25,30.25,20.59,20.58,20.59
0.78,37.25,37.5,30.25,30.19,19.58,19.58,19.58
1.06,37.25,37.5,30.25,30.19,26.61,26.61,26.61
0.82,37.25,37.5,30.25,30.19,20.59,20.58,20.58
0.86,37.25,37.5,30.25,30.19,21.59,21.59,21.59
0.78,37.25,37.5,30.25,30.25,19.58,19.58,19.58
0.71,37.25,37.75,30.25,30.25,17.83,17.82,17.82
0.86,37.5,37.75,30.25,30.19,21.59,21.59,21.59
0.9,37.5,37.75,30.25,30.19,22.59,22.59,22.59
0.78,37.5,37.75,30.25,30.19,19.58,19.58,19.58
1.02,37.5,37.75,30.25,30.19,25.61,25.60,25.60
0.71,37.5,37.75,30.25,30.19,17.82,17.82,17.82
0.9,37.5,37.75,30.25,30.25,22.59,22.59,22.59
0.86,37.5,37.75,30.25,30.19,21.59,21.59,21.59
0.78,37.5,38,30.31,30.19,19.58,19.58,19.58
0.86,37.5,38,30.25,30.25,21.59,21.59,21.59
0.98,37.75,38,30.25,30.25,24.60,24.60,24.60
0.86,37.75,38,30.25,30.25,21.59,21.59,21.59
0.98,37.75,38.25,30.25,30.19,24.60,24.60,24.60
0.78,37.75,38,30.25,30.19,19.58,19.58,19.58
0.9,37.75,38,30.25,30.19,22.59,22.59,22.59
1.02,37.75,38.25,30.25,30.25,25.61,25.60,25.61
0.94,37.75,38.25,30.25,30.25,23.60,23.59,23.60
0.98,37.75,38.25,30.25,30.19,24.60,24.60,24.60
0.94,37.75,38,30.25,30.25,23.60,23.59,23.60
0.98,37.75,38,30.25,30.19,24.60,24.60,24.60
0.82,37.75,38,30.25,30.19,20.59,20.58,20.58
0.98,37.75,38,30.31,30.25,24.60,24.60,24.60
0.82,37.75,38,30.25,30.19,20.59,20.58,20.58
1.02,37.75,38,30.25,30.19,25.61,25.60,25.60
1.02,37.75,38,30.25,30.19,25.61,25.60,25.60
1.29,37.75,38,30.25,30.19,32.38,32.38,32.38
0.04,37.75,38.25,30.25,30.25,1.01,1.00,1.01
-0.59,38,38,30.25,30.19,-14.81,-14.81,-14.81
2.55,38,38.25,30.25,30.25,64.01,64.01,64.01
1.02,37.75,38.25,30.25,30.19,25.61,25.60,25.60
0.78,38,38.25,30.25,30.19,19.58,19.58,19.58
-0.31,38,38.25,30.25,30.25,-7.78,-7.78,-7.78
-0.04,38,38.25,30.25,30.19,-1.00,-1.00,-1.00
0.04,38,38.25,30.25,30.19,1.01,1.00,1.01
1.14,38,38.25,30.25,30.25,28.62,28.61,28.62
3.02,38.25,38.25,30.25,30.19,75.80,75.80,75.80
0.78,38.25,38.25,30.25,30.19,19.58,19.58,19.58
2,38.25,38.25,30.25,30.19,50.20,50.20,50.20
0.9,38.25,38.25,30.25,30.25,22.59,22.59,22.59
0,38.25,38.25,30.25,30.19,0.00,0.00,0.00
0,38.25,38.25,30.25,30.19,0.00,0.00,0.00
0.9,38.25,38.25,30.25,30.25,22.59,22.59,22.59
-0.04,38.25,38.25,30.25,30.25,-1.00,-1.00,-1.00
0.9,38.25,38.5,30.25,30.25,22.59,22.59,22.59
0.9,38.25,38.5,30.25,30.25,22.59,22.59,22.59
0.75,38.25,38.25,30.25,30.19,18.83,18.82,18.82
0.31,38.25,38.25,30.25,30.25,7.78,7.78,7.78
-0.04,38.25,38.25,30.25,30.19,-1.00,-1.00,-1.00
1.02,38.25,38.25,30.25,30.25,25.60,25.60,25.60
2.75,38.25,38.25,30.25,30.25,69.03,69.03,69.03
0.12,38.25,38.25,30.25,30.19,3.01,3.01,3.01
0.75,38.25,38.5,30.25,30.19,18.83,18.82,18.83
0.78,38.25,38.25,30.25,30.25,19.58,19.58,19.58
0.55,38.5,38.25,30.25,30.25,13.80,13.81,13.80
-0.04,38.5,38.25,30.25,30.25,-1.01,-1.00,-1.01
0.82,38.5,38.5,30.25,30.25,20.58,20.58,20.58
0.9,38.5,38.5,30.25,30.19,22.59,22.59,22.59
0.75,38.5,38.5,30.25,30.19,18.83,18.82,18.82
0.94,38.5,38.5,30.25,30.25,23.59,23.59,23.59
1.22,38.5,38.5,30.25,30.19,30.62,30.62,30.62
0.67,38.5,38.5,30.25,30.19,16.82,16.82,16.82
0.98,38.5,38.5,30.25,30.19,24.60,24.60,24.60
0.9,38.5,38.5,30.25,30.19,22.59,22.59,22.59
0.75,38.5,38.5,30.31,30.25,18.83,18.82,18.82
0.94,38.5,38.5,30.25,30.25,23.59,23.59,23.59
0.9,38.5,38.5,30.31,30.19,22.59,22.59,22.59
0.78,38.5,38.5,30.25,30.25,19.58,19.58,19.58
0.9,38.5,38.5,30.25,30.19,22.59,22.59,22.59
0.9,38.5,38.5,30.31,30.19,22.59,22.59,22.59
0.82,38.5,38.5,30.25,30.19,20.58,20.58,20.58
0.75,38.5,38.5,30.25,30.25,18.83,18.83,18.83
0.82,38.5,38.5,30.25,30.19,20.58,20.58,20.58
0.94,38.75,38.5,30.25,30.25,23.59,23.59,23.59
0.86,38.5,38.5,30.25,30.19,21.59,21.59,21.59
1.06,38.5,38.5,30.25,30.25,26.61,26.61,26.61
0.86,38.5,38.5,30.25,30.19,21.59,21.59,21.59
1.02,38.5,38.5,30.25,30.19,25.60,25.60,25.60
0.75,38.75,38.75,30.31,30.25,18.83,18.82,18.82
0.86,38.5,38.75,30.25,30.25,21.59,21.59,21.59
0.94,38.75,38.75,30.25,30.25,23.59,23.59,23.59
0.9,38.75,38.75,30.25,30.19,22.59,22.59,22.59
0.75,38.75,38.75,30.31,30.25,18.83,18.82,18.82
0.82,38.75,38.75,30.31,30.19,20.58,20.58,20.58
0.82,38.75,38.75,30.25,30.19,20.58,20.58,20.58
0.86,38.75,38.75,30.31,30.25,21.59,21.59,21.59
0.71,38.75,38.75,30.31,30.25,17.82,17.82,17.82
0.82,38.75,38.75,30.25,30.25,20.58,20.58,20.58
0.82,38.75,39,30.25,30.25,20.59,20.58,20.58
0.98,38.75,39,30.25,30.25,24.60,24.60,24.60
0.67,38.75,39,30.25,30.25,16.82,16.82,16.82
0.9,38.75,39,30.25,30.25,22.59,22.59,22.59
0.98,38.75,39,30.25,30.25,24.60,24.60,24.60
1.1,39,39,30.25,30.19,27.61,27.61,27.61
0.86,39,39,30.25,30.25,21.59,21.59,21.59
0.86,38.75,39.25,30.25,30.25,21.59,21.59,21.59
0.86,39,39,30.25,30.19,21.59,21.59,21.59
1.02,39,39,30.25,30.19,25.60,25.60,25.60
0.9,39,38.75,30.25,30.25,22.59,22.59,22.59
0.86,39,38.75,30.25,30.25,21.58,21.59,21.58
0.86,39,37.75,30.25,30.25,21.57,21.59,21.58
0.98,39,38.75,30.25,30.25,24.59,24.60,24.60
0.82,39,38.75,30.25,30.25,20.58,20.58,20.58
0.94,39,38.75,30.25,30.25,23.59,23.59,23.59
1.02,39.25,38.75,30.31,30.19,25.60,25.60,25.60
0.78,39.25,38.75,30.25,30.19,19.57,19.58,19.57
0.94,39.25,39,30.25,30.19,23.59,23.59,23.59
0.98,39.25,39,30.25,30.25,24.59,24.60,24.60
0.78,39.25,39,30.25,30.19,19.57,19.58,19.58
0.98,39.25,39.25,30.25,30.19,24.60,24.60,24.60
0.9,39.5,39.25,30.25,30.19,22.59,22.59,22.59
1.18,39.25,39.25,30.25,30.19,29.62,29.62,29.62
0.98,39.25,39.25,30.25,30.19,24.60,24.60,24.60
0.78,39.5,39.25,30.25,30.19,19.57,19.58,19.58
0.75,39.5,39.25,30.25,30.25,18.82,18.83,18.82
1.02,39.5,39.25,30.25,30.25,25.60,25.60,25.60
0.9,39.5,39.25,30.25,30.19,22.59,22.59,22.59
1.22,39.5,39.25,30.25,30.19,30.62,30.62,30.62
1.1,39.5,39.25,30.25,30.19,27.61,27.61,27.61
0.94,39.5,39.25,30.25,30.25,23.59,23.59,23.59
1.14,39.5,39.5,30.25,30.25,28.61,28.61,28.61
0.98,39.5,39.25,30.25,30.25,24.59,24.60,24.60
1.02,39.5,39,30.25,30.19,25.60,25.60,25.60
0.82,39.5,39,30.25,30.19,20.58,20.58,20.58
0.75,39.75,39,30.25,30.19,18.82,18.82,18.82
0.98,39.75,39,30.25,30.25,24.59,24.60,24.59
0.78,39.75,39,30.31,30.19,19.57,19.58,19.57
0.67,39.75,39.25,30.25,30.19,16.81,16.82,16.81
0.9,39.75,39.25,30.25,30.25,22.58,22.59,22.59
0.82,39.75,39.25,30.25,30.19,20.58,20.58,20.58
1.37,39.75,39.5,30.25,30.19,34.38,34.39,34.39
1.14,39.75,39.5,30.25,30.25,28.61,28.61,28.61
0.86,39.75,39.25,30.25,30.19,21.58,21.59,21.58
0.78,40,39.5,30.25,30.25,19.57,19.58,19.57
0.98,40,39.5,30.25,30.25,24.59,24.60,24.59
0.82,40,39.5,30.25,30.19,20.58,20.58,20.58
1.02,40,39.5,30.25,30.25,25.60,25.60,25.60
1.02,40,39.75,30.25,30.25,25.60,25.60,25.60
0.78,40,39.75,30.25,30.25,19.57,19.58,19.58
0.9,40,39.75,30.25,30.19,22.59,22.59,22.59
1.02,40,39.75,30.25,30.25,25.60,25.60,25.60
0.86,40,39.75,30.25,30.19,21.58,21.59,21.58
0.39,40,39.75,30.25,30.25,9.79,9.79,9.79
-0.47,40.25,39.5,30.25,30.19,-11.81,-11.80,-11.80
0.43,40.25,39.5,30.25,30.19,10.78,10.79,10.79
0.71,40.25,39.5,30.25,30.19,17.81,17.82,17.82
1.29,40.25,39.5,30.25,30.25,32.37,32.38,32.37
1.18,40.25,39.25,30.25,30.19,29.61,29.62,29.61
0.75,40.25,39.25,30.25,30.19,18.81,18.82,18.82
1.06,40.25,39.25,30.25,30.19,26.59,26.61,26.60
0.47,40.25,39.25,30.25,30.19,11.78,11.80,11.79
0.98,40.25,39.25,30.25,30.19,24.59,24.60,24.59
0.78,40.25,39.5,30.25,30.25,19.57,19.58,19.57
0.78,40.25,39.25,30.25,30.19,19.57,19.58,19.57
-0.51,40.25,39.5,30.25,30.25,-12.81,-12.80,-12.81
1.18,40.25,39.5,30.31,30.19,29.61,29.62,29.61
-0.08,40.5,39.5,30.31,30.25,-2.02,-2.01,-2.01
1.73,40.5,39.5,30.25,30.25,43.41,43.42,43.42
1.53,40.5,39.5,30.25,30.25,38.39,38.40,38.40
0.9,40.5,39.5,30.25,30.19,22.58,22.59,22.58
1.61,40.5,39.5,30.25,30.25,40.40,40.41,40.40
0.31,40.5,39.5,30.25,30.25,7.77,7.78,7.77
1.1,40.5,39.5,30.25,30.25,27.60,27.61,27.60
1.73,40.5,39.5,30.25,30.19,43.41,43.42,43.42
0.98,40.25,39.5,30.25,30.19,24.59,24.60,24.59
0.35,40.5,39.5,30.31,30.25,8.77,8.78,8.78
1.49,40.5,39.5,30.25,30.25,37.39,37.40,37.39
0.47,40.5,39.5,30.25,30.19,11.78,11.80,11.79
0.9,40.5,39.5,30.31,30.19,22.58,22.59,22.58
0.75,40.5,39.5,30.25,30.25,18.81,18.83,18.82
0.94,40.5,39.75,30.31,30.25,23.58,23.59,23.59
0.71,40.5,39.75,30.25,30.19,17.81,17.82,17.82
1.06,40.5,39.75,30.25,30.25,26.60,26.61,26.60
0.12,40.5,39.75,30.25,30.25,3.00,3.01,3.01
1.1,40.5,39.75,30.25,30.19,27.60,27.61,27.60
1.96,40.5,39.75,30.25,30.19,49.19,49.20,49.19
0.55,40.5,40,30.25,30.19,13.80,13.80,13.80
0.63,40.5,40,30.25,30.25,15.81,15.81,15.81
1.1,40.5,40,30.25,30.25,27.60,27.61,27.61
0.82,40.5,40.25,30.25,30.25,20.58,20.58,20.58
1.18,40.5,40,30.25,30.25,29.61,29.62,29.61
1.57,40.5,40,30.25,30.19,39.40,39.41,39.40
1.1,40.5,40.25,30.25,30.25,27.61,27.61,27.61
1.29,40.5,40,30.25,30.19,32.37,32.38,32.38
0.39,40.5,40,30.25,30.25,9.78,9.79,9.79
1.14,40.5,40,30.25,30.19,28.61,28.61,28.61
0,40.5,39.75,30.25,30.19,-0.01,0.00,-0.01
1.14,40.5,39.75,30.25,30.19,28.60,28.61,28.61
0.9,40.75,40,30.31,30.25,22.58,22.59,22.58
0.55,40.5,40,30.31,30.19,13.80,13.80,13.80
0.9,40.5,40,30.25,30.25,22.58,22.59,22.59
0.98,40.5,40.25,30.25,30.25,24.59,24.60,24.60
0.75,40.75,40,30.25,30.25,18.82,18.83,18.82
0.63,40.75,40,30.25,30.19,15.80,15.81,15.81
0.9,40.75,40,30.25,30.19,22.58,22.59,22.58
0.94,40.75,40,30.25,30.25,23.58,23.59,23.59
1.02,40.75,40,30.25,30.19,25.59,25.60,25.60
0.9,40.75,40,30.25,30.25,22.58,22.59,22.59
0.78,40.75,40.25,30.25,30.19,19.57,19.58,19.57
0.86,40.75,40,30.25,30.19,21.58,21.59,21.58
0.9,40.75,40.25,30.25,30.19,22.58,22.59,22.59
0.78,40.75,40.25,30.25,30.19,19.57,19.58,19.57
0.9,40.75,40.25,30.25,30.19,22.58,22.59,22.59
0.86,40.75,40.25,30.25,30.25,21.58,21.59,21.58
0.94,40.75,40.25,30.25,30.19,23.59,23.59,23.59
0.9,40.75,40.5,30.25,30.19,22.59,22.59,22.59
0.94,40.75,40.25,30.25,30.25,23.59,23.59,23.59
0.9,41,40.25,30.25,30.25,22.58,22.59,22.59
1.06,40.75,40.25,30.25,30.25,26.60,26.61,26.60
0.82,41,40.5,30.25,30.25,20.58,20.58,20.58
0.94,41,40.5,30.25,30.19,23.59,23.59,23.59
0.82,41,40.5,30.25,30.25,20.58,20.58,20.58
0.82,41,40.5,30.25,30.25,20.58,20.58,20.58
0.94,41,40.5,30.25,30.19,23.59,23.59,23.59
0.98,41,40.5,30.25,30.25,24.59,24.60,24.59
0.9,41,40.5,30.25,30.25,22.58,22.59,22.59
0.9,41,40.25,30.25,30.19,22.58,22.59,22.58
0.9,41,40.25,30.25,30.25,22.58,22.59,22.59
1.02,41,40.25,30.25,30.25,25.59,25.60,25.60
0.67,41.25,40.25,30.25,30.19,16.80,16.82,16.81
0.71,41.25,40.25,30.25,30.25,17.81,17.82,17.81
0.78,41.25,40.25,30.25,30.25,19.57,19.58,19.57
0.98,41.25,40.5,30.25,30.25,24.59,24.60,24.59
0.86,41.25,40.5,30.25,30.19,21.58,21.59,21.58
0.9,41.25,40.5,30.25,30.19,22.58,22.59,22.58
0.78,41.5,40.5,30.25,30.19,19.57,19.58,19.57
1.26,41.25,40.75,30.25,30.25,31.62,31.63,31.62
0.59,41.5,40.75,30.25,30.25,14.80,14.81,14.80
0.86,41.5,40.75,30.25,30.19,21.58,21.59,21.58
0.98,41.5,41,30.25,30.19,24.59,24.60,24.59
1.14,41.5,41,30.31,30.25,28.61,28.61,28.61
0.78,41.5,41,30.25,30.25,19.57,19.58,19.57
0.98,41.5,41,30.25,30.25,24.59,24.60,24.59
0.71,41.5,41,30.25,30.25,17.81,17.82,17.82
0.9,41.5,41,30.25,30.25,22.58,22.59,22.59
0.9,41.5,41,30.25,30.25,22.58,22.59,22.59
0.67,41.5,41,30.25,30.25,16.81,16.82,16.81
0.75,41.75,41,30.25,30.19,18.82,18.82,18.82
0.59,41.75,41,30.25,30.19,14.80,14.81,14.80
1.37,41.75,41,30.25,30.19,34.38,34.39,34.38
0.78,41.75,41,30.25,30.25,19.57,19.58,19.57
-0.24,41.75,41,30.25,30.19,-6.03,-6.02,-6.03
-0.75,41.75,41,30.25,30.25,-18.83,-18.83,-18.83
-0.71,42,41,30.25,30.25,-17.83,-17.82,-17.83
1.45,42,41,30.25,30.25,36.38,36.40,36.39
2.39,42,41.25,30.25,30.25,59.98,59.99,59.98
0.94,42,41,30.25,30.25,23.58,23.59,23.59
0.86,42,41,30.25,30.25,21.57,21.59,21.58
0.63,42,41,30.25,30.25,15.80,15.81,15.81
0.86,42,41.25,30.25,30.25,21.58,21.59,21.58
0.94,42,41.25,30.25,30.19,23.58,23.59,23.59
1.06,42,41.25,30.25,30.25,26.60,26.61,26.60
0.86,42.25,41.25,30.25,30.19,21.57,21.59,21.58
1.02,42.25,41.25,30.25,30.25,25.59,25.60,25.60
0.71,42.25,41.25,30.25,30.19,17.81,17.82,17.81
1.06,42.25,41,30.25,30.25,26.59,26.61,26.60
0.86,42.25,40.75,30.25,30.19,21.57,21.59,21.58
0.67,42.25,40.75,30.25,30.25,16.80,16.82,16.81
0.86,42.25,40.75,30.25,30.25,21.57,21.59,21.58
0.9,42.25,40.75,30.25,30.25,22.57,22.59,22.58
0.9,42.25,40.75,30.25,30.19,22.57,22.59,22.58
0.82,42.25,40.75,30.25,30.25,20.56,20.58,20.57
2.12,42.25,40.75,30.25,30.25,53.19,53.21,53.20
0.9,42.25,41,30.25,30.25,22.57,22.59,22.58
0.82,42.25,41,30.25,30.25,20.57,20.58,20.57
0.86,42.25,41,30.25,30.25,21.57,21.59,21.58
0.86,42.25,41.25,30.25,30.25,21.57,21.59,21.58
0.78,42.5,41,30.25,30.19,19.56,19.58,19.57
0.98,42.5,41,30.25,30.19,24.58,24.60,24.59
0.82,42.25,41,30.25,30.19,20.57,20.58,20.57
0.71,42.25,41,30.25,30.25,17.81,17.82,17.81
1.26,42.5,41,30.25,30.25,31.61,31.63,31.62
1.26,42.5,41,30.31,30.25,31.61,31.63,31.62
2,42.5,41.25,30.25,30.25,50.18,50.20,50.19
0.82,42.5,41.25,30.31,30.19,20.57,20.58,20.57
0.86,42.5,41.25,30.25,30.19,21.57,21.59,21.58
0.78,42.5,41.25,30.25,30.19,19.56,19.58,19.57
1.02,42.5,41.25,30.25,30.19,25.59,25.60,25.59
0.82,42.5,41.25,30.31,30.25,20.57,20.58,20.57
0.71,42.5,41.25,30.25,30.25,17.81,17.82,17.81
0.86,42.5,41.5,30.25,30.19,21.57,21.59,21.58
0.9,42.5,41.5,30.25,30.19,22.58,22.59,22.58
2.63,42.25,41.5,30.25,30.19,66.00,66.01,66.01
2.67,42.5,41.25,30.25,30.25,67.00,67.02,67.01
2.59,42.5,41.25,30.25,30.19,64.99,65.01,65.00
2.63,42.5,41.25,30.25,30.25,66.00,66.01,66.01
2.51,42.5,41.25,30.25,30.19,62.99,63.00,62.99
2.63,42.5,41.5,30.25,30.19,66.00,66.01,66.01
2.59,42.5,41.5,30.25,30.25,65.00,65.01,65.00
2.71,42.5,41.5,30.25,30.25,68.01,68.02,68.01
2.63,42.5,41.5,30.25,30.19,66.00,66.01,66.01
2.63,42.5,41.5,30.25,30.25,66.00,66.01,66.01
2.63,42.5,41.75,30.25,30.25,66.00,66.01,66.01
2.67,42.5,41.75,30.25,30.19,67.01,67.02,67.01
2.59,42.5,41.75,30.25,30.19,65.00,65.01,65.00
2.59,42.5,41.75,30.25,30.19,65.00,65.01,65.00
2.63,42.5,41.75,30.25,30.19,66.00,66.01,66.01
2.63,42.5,41.75,30.31,30.19,66.00,66.01,66.01
2.59,42.5,41.75,30.25,30.25,65.00,65.01,65.00
2.59,42.5,41.75,30.25,30.25,65.00,65.01,65.00
2.55,42.5,41.5,30.25,30.19,63.99,64.00,64.00
2.51,42.5,41.75,30.25,30.19,62.99,63.00,63.00
2.55,42.5,41.75,30.25,30.19,64.00,64.00,64.00
2.24,42.5,41.75,30.25,30.25,56.21,56.22,56.22
2.67,42.5,41.75,30.25,30.19,67.01,67.02,67.01
2.2,42.5,41.75,30.25,30.19,55.21,55.22,55.21
2.63,42.5,42,30.25,30.25,66.01,66.01,66.01
2.51,42.5,42,30.25,30.25,62.99,63.00,63.00
6.2,42.75,41.75,30.25,30.25,155.61,155.62,155.61
2.31,42.75,41.75,30.25,30.25,57.97,57.98,57.97
2.55,42.75,41.75,30.25,30.25,63.99,64.01,64.00
2.59,42.75,41.75,30.25,30.19,65.00,65.01,65.00
2.59,42.75,41.75,30.25,30.25,65.00,65.01,65.00
2.59,42.75,41.75,30.25,30.19,65.00,65.01,65.00
2.59,42.75,41.75,30.25,30.25,65.00,65.01,65.00
2.59,42.75,41.75,30.25,30.19,65.00,65.01,65.00
2.55,42.75,41.75,30.25,30.25,63.99,64.01,64.00
2.55,42.75,41.75,30.31,30.25,63.99,64.00,64.00
2.59,42.75,41.75,30.25,30.25,65.00,65.01,65.00
2.55,43,41.5,30.25,30.19,63.99,64.00,64.00
2.55,42.75,41.5,30.25,30.25,63.99,64.01,64.00
2.51,42.75,41.5,30.25,30.25,62.99,63.00,62.99
2.55,42.75,41.5,30.25,30.19,63.99,64.00,64.00
2.55,42.75,41.5,30.25,30.19,63.99,64.00,64.00
2.67,42.75,41.75,30.25,30.19,67.00,67.02,67.01
2.47,43,41.75,30.25,30.25,61.98,62.00,61.99
2.59,43,41.75,30.25,30.19,64.99,65.01,65.00
2.51,43,41.75,30.25,30.19,62.99,63.00,62.99
2.63,43,42,30.25,30.19,66.00,66.01,66.01
2.75,43.25,41.75,30.25,30.19,69.01,69.02,69.02
2.63,43.25,41.75,30.25,30.25,65.99,66.01,66.00
2.63,43.25,41.75,30.25,30.19,65.99,66.01,66.00
2.31,43.25,41.75,30.25,30.25,57.96,57.98,57.97
2.59,43.25,41.75,30.25,30.19,64.99,65.01,65.00
2.63,43.25,41.75,30.25,30.25,65.99,66.01,66.00
2.39,43.5,41.75,30.25,30.25,59.97,59.99,59.98
2.47,43.5,41.75,30.25,30.19,61.97,62.00,61.99
2.39,43.5,41.75,30.25,30.25,59.97,59.99,59.98
2.51,43.5,41.75,30.25,30.19,62.98,63.00,62.99
2.28,43.5,41.75,30.25,30.19,57.21,57.23,57.22
2.47,43.5,41.75,30.25,30.25,61.97,62.00,61.99
2.35,43.5,41.75,30.25,30.25,58.96,58.99,58.97
2.55,43.75,42,30.25,30.25,63.98,64.01,63.99
2.79,43.75,42,30.25,30.25,70.01,70.03,70.02
2.63,43.75,42,30.31,30.19,65.99,66.01,66.00
2.79,43.75,42,30.31,30.19,70.01,70.03,70.02
4.82,43.75,42.25,30.25,30.19,120.96,120.98,120.97
2.67,43.75,42.25,30.25,30.25,67.00,67.02,67.01
2.59,43.75,42.25,30.25,30.19,64.99,65.01,65.00
2.67,43.75,42.25,30.25,30.25,67.00,67.02,67.01
2.82,43.75,42,30.25,30.19,70.76,70.78,70.77
2.71,43.75,42,30.31,30.25,68.00,68.02,68.01
2.71,43.75,42,30.25,30.25,68.00,68.02,68.01
2.55,43.75,42,30.25,30.25,63.98,64.01,63.99
2.63,43.75,42.25,30.31,30.25,65.99,66.01,66.00
2.59,43.75,42.25,30.25,30.25,64.99,65.01,65.00
2.71,44,42.25,30.25,30.25,68.00,68.02,68.01
2.51,44,42.25,30.31,30.25,62.98,63.00,62.99
2.82,44,42.25,30.31,30.25,70.76,70.78,70.77
2.59,44,42.25,30.25,30.25,64.99,65.01,65.00
2.51,44,42.5,30.25,30.25,62.98,63.00,62.99
2.55,44,42.5,30.25,30.25,63.99,64.01,64.00
2.59,44,42.5,30.25,30.25,64.99,65.01,65.00
2.47,44,42.5,30.25,30.25,61.98,62.00,61.99
2.55,44,42.5,30.25,30.25,63.99,64.01,64.00
2.59,43.5,42.75,30.25,30.25,65.00,65.01,65.00
2.55,44,42.75,30.25,30.25,63.99,64.01,64.00
2.55,44.25,42.75,30.31,30.25,63.99,64.00,64.00
2.63,44,42.5,30.25,30.19,65.99,66.01,66.00
2.63,44,42.75,30.25,30.19,66.00,66.01,66.00
2.63,44.25,42.75,30.25,30.25,65.99,66.01,66.00
2.55,44.25,42.75,30.25,30.25,63.99,64.01,64.00
2.59,44.25,42.75,30.31,30.25,64.99,65.01,65.00
2.51,44.25,42.75,30.25,30.25,62.98,63.00,62.99
2.51,44.25,42.75,30.25,30.19,62.98,63.00,62.99
2.55,44.25,42.75,30.25,30.25,63.99,64.01,64.00
2.55,44.25,42.5,30.31,30.25,63.98,64.00,63.99
2.67,44.25,42.5,30.25,30.19,66.99,67.02,67.01
2.51,44.5,42.5,30.25,30.19,62.98,63.00,62.99
2.59,44.25,42.5,30.25,30.25,64.99,65.01,65.00
2.59,44.25,42.75,30.25,30.25,64.99,65.01,65.00
2.67,44.25,42.5,30.25,30.19,66.99,67.02,67.01
2.71,44.25,42.75,30.25,30.19,68.00,68.02,68.01
2.67,44.5,42.75,30.25,30.19,66.99,67.02,67.01
2.59,44.25,42.75,30.25,30.25,64.99,65.01,65.00
2.63,44.25,42.75,30.25,30.19,65.99,66.01,66.00
2.59,44.25,42.75,30.25,30.25,64.99,65.01,65.00
2.63,44.25,42.75,30.25,30.19,65.99,66.01,66.00
2.63,44.25,43,30.25,30.25,66.00,66.01,66.01
2.59,44.25,43,30.25,30.25,64.99,65.01,65.00
2.55,44.25,43,30.25,30.25,63.99,64.01,64.00
2.59,44.25,43,30.25,30.25,64.99,65.01,65.00
2.59,44.25,43,30.25,30.25,64.99,65.01,65.00
2.63,44.25,43,30.25,30.25,66.00,66.01,66.01
2.51,44.25,43,30.25,30.25,62.99,63.00,62.99
2.59,44.25,43,30.25,30.19,64.99,65.01,65.00
2.51,44.25,43,30.25,30.25,62.99,63.00,62.99
2.55,44.25,42.75,30.25,30.25,63.99,64.01,64.00
2.55,44.25,42.75,30.25,30.19,63.99,64.00,64.00
2.51,44.25,42.75,30.25,30.25,62.98,63.00,62.99
2.55,44.25,42.75,30.25,30.25,63.99,64.01,64.00
2.63,44.25,42.5,30.25,30.25,65.99,66.01,66.00
2.59,44.25,42.75,30.25,30.25,64.99,65.01,65.00
2.67,44.25,42.75,30.25,30.25,67.00,67.02,67.01
2.59,44.5,42.75,30.25,30.25,64.99,65.01,65.00
2.55,44.5,42.75,30.25,30.25,63.98,64.01,63.99
2.59,44.25,42.75,30.25,30.19,64.99,65.01,65.00
2.59,44.5,42.75,30.25,30.19,64.99,65.01,65.00
2.59,44.5,42.75,30.25,30.25,64.99,65.01,65.00
2.59,44.25,42.75,30.25,30.25,64.99,65.01,65.00
2.59,44.5,42.75,30.25,30.25,64.99,65.01,65.00
2.59,44.5,42.75,30.25,30.25,64.99,65.01,65.00
2.63,44.5,42.75,30.25,30.25,65.99,66.01,66.00
2.55,44.5,42.75,30.25,30.25,63.98,64.01,63.99
2.63,44.5,43,30.25,30.25,65.99,66.01,66.00
2.63,44.5,43,30.25,30.25,65.99,66.01,66.00
2.59,44.5,43,30.25,30.25,64.99,65.01,65.00
2.59,44.5,43,30.25,30.19,64.99,65.01,65.00
2.67,44.5,43.25,30.25,30.25,67.00,67.02,67.01
2.51,44.5,43.25,30.25,30.25,62.99,63.00,62.99
2.63,44.75,43.25,30.25,30.25,65.99,66.01,66.00
2.59,44.5,43.25,30.25,30.25,64.99,65.01,65.00
2.55,44.5,43.25,30.25,30.19,63.99,64.00,64.00
2.75,44.75,43.25,30.25,30.25,69.01,69.03,69.02
2.63,43.75,43.25,30.25,30.25,66.01,66.01,66.01
2.55,44.75,43.25,30.25,30.19,63.99,64.00,64.00
2.67,44.75,43,30.25,30.25,66.99,67.02,67.01
2.51,44.75,43,30.25,30.19,62.98,63.00,62.99
2.71,44.75,43,30.25,30.25,68.00,68.02,68.01
3.26,44.75,43,30.25,30.25,81.80,81.83,81.81
2.75,44.75,43,30.25,30.19,69.00,69.02,69.01
2.67,44.75,43.25,30.25,30.19,67.00,67.02,67.01
5.26,44.75,43.25,30.25,30.25,132.01,132.03,132.02
-1.26,44.75,43,30.25,30.25,-31.65,-31.63,-31.64
2.75,44.75,43,30.25,30.25,69.00,69.03,69.01
2.59,44.75,43,30.25,30.25,64.99,65.01,65.00
2.55,45,43,30.25,30.25,63.98,64.01,63.99
2.59,44.75,43,30.25,30.25,64.99,65.01,65.00
2.55,44.75,43.25,30.25,30.25,63.99,64.01,64.00
2.55,45,43,30.25,30.25,63.98,64.01,63.99
2.55,45,43.25,30.25,30.25,63.98,64.01,63.99
2.59,45,43.25,30.25,30.19,64.99,65.01,65.00
2.51,45,43.5,30.25,30.25,62.98,63.00,62.99
2.55,45,43.25,30.25,30.25,63.98,64.01,63.99
2.63,45,43.25,30.25,30.25,65.99,66.01,66.00
2.59,45,43.25,30.25,30.25,64.99,65.01,65.00
2.82,45,43.25,30.25,30.19,70.76,70.78,70.77
2.51,45.25,43.25,30.25,30.25,62.98,63.00,62.99
2.59,45.25,43.25,30.25,30.19,64.98,65.01,65.00
2.55,45.25,43.25,30.25,30.25,63.98,64.01,63.99
2.51,45.25,43.25,30.25,30.19,62.98,63.00,62.99
2.51,45.25,42.75,30.25,30.25,62.97,63.00,62.99
2.35,45.25,42.75,30.25,30.25,58.95,58.99,58.97
2.35,45.25,43,30.25,30.19,58.96,58.98,58.97
2.51,45.25,43,30.25,30.25,62.97,63.00,62.99
2.47,45.25,43,30.25,30.25,61.97,62.00,61.98
2.51,45.5,43,30.31,30.25,62.97,63.00,62.98
2.39,45.5,43,30.25,30.19,59.96,59.99,59.97
2.59,45.5,43,30.31,30.19,64.98,65.01,64.99
2.39,45.5,43.25,30.31,30.25,59.96,59.99,59.97
2.75,45.5,43.5,30.25,30.25,69.00,69.03,69.01
2.59,45.5,43.5,30.25,30.19,64.98,65.01,65.00
2.79,45.5,43.5,30.25,30.19,70.00,70.03,70.02
2.59,45.5,43.5,30.25,30.25,64.98,65.01,65.00
2.63,45.75,43.25,30.25,30.25,65.98,66.01,66.00
2.67,45.75,43.25,30.25,30.25,66.99,67.02,67.00
2.51,45.75,43.25,30.25,30.19,62.97,63.00,62.98
2.71,45.75,43.25,30.25,30.25,67.99,68.02,68.01
2.86,45.75,43.5,30.25,30.25,71.76,71.79,71.77
2.43,45.75,43.5,30.31,30.25,60.96,60.99,60.98
2.55,45.75,43.5,30.25,30.25,63.98,64.01,63.99
2.55,45.75,43.5,30.25,30.25,63.98,64.01,63.99
2.59,45.75,43.25,30.25,30.19,64.98,65.01,64.99
2.59,45.75,43.25,30.25,30.25,64.98,65.01,64.99
2.55,45.75,43.25,30.25,30.19,63.97,64.00,63.99
2.71,46,43.5,30.25,30.25,67.99,68.02,68.01
2.71,46,43.25,30.31,30.25,67.99,68.02,68.00
2.39,46,43.5,30.25,30.25,59.96,59.99,59.97
2.43,46,43.5,30.25,30.25,60.96,60.99,60.98
2.55,46,43.25,30.31,30.25,63.97,64.00,63.99
2.43,46,43.25,30.25,30.25,60.96,60.99,60.98
2.24,46,43.5,30.31,30.25,56.19,56.22,56.21
2.59,46,43.25,30.25,30.19,64.97,65.01,64.99
2.51,46,43.5,30.25,30.25,62.97,63.00,62.99
2.63,46,43.75,30.25,30.19,65.98,66.01,66.00
2.63,46,43.75,30.25,30.19,65.98,66.01,66.00
2.51,46,43.75,30.25,30.19,62.97,63.00,62.99
2.59,46,43.75,30.25,30.25,64.98,65.01,64.99
2.79,46,43.75,30.25,30.25,70.00,70.03,70.01
2.59,46,43.5,30.25,30.19,64.98,65.01,64.99
2.59,46.25,43.25,30.25,30.19,64.97,65.01,64.99
2.55,46.25,43.5,30.25,30.25,63.97,64.01,63.99
2.75,46.25,43.5,30.25,30.25,68.99,69.03,69.01
2.67,46.25,43.5,30.25,30.19,66.98,67.02,67.00
2.71,46.25,43.75,30.25,30.19,67.99,68.02,68.00
2.79,46.25,43.75,30.25,30.19,70.00,70.03,70.01
2.71,46.25,43.75,30.25,30.19,67.99,68.02,68.00
2.63,46.25,43.75,30.25,30.19,65.98,66.01,66.00
2.71,46.25,43.75,30.25,30.19,67.99,68.02,68.00
2.82,46.25,44,30.25,30.19,70.75,70.78,70.77
2.71,46.25,44,30.25,30.25,67.99,68.02,68.01
2.71,46.25,44,30.25,30.25,67.99,68.02,68.01
2.79,46.25,43.75,30.25,30.19,70.00,70.03,70.01
2.79,46.25,43.75,30.25,30.19,70.00,70.03,70.01
2.63,46.25,43.75,30.25,30.19,65.98,66.01,66.00
2.59,46.5,43.75,30.25,30.25,64.97,65.01,64.99
2.75,46.25,43.75,30.25,30.25,68.99,69.03,69.01
2.63,46.5,43.75,30.25,30.19,65.98,66.01,66.00
2.79,46.5,44,30.25,30.19,70.00,70.03,70.01
2.71,46.5,44,30.25,30.25,67.99,68.02,68.01
2.63,46.5,44,30.25,30.19,65.98,66.01,66.00
2.79,46.5,44.25,30.25,30.19,70.00,70.03,70.01
2.59,46.5,44.25,30.25,30.25,64.98,65.01,64.99
2.71,46.5,44.25,30.25,30.19,67.99,68.02,68.01
2.63,46.5,44.25,30.25,30.25,65.98,66.01,66.00
2.63,46.5,44.25,30.25,30.19,65.98,66.01,66.00
2.71,46.25,44.25,30.25,30.25,68.00,68.02,68.01
2.67,46.25,44.25,30.25,30.19,66.99,67.02,67.00
2.71,46.25,44.5,30.25,30.19,68.00,68.02,68.01
2.71,46.25,44.5,30.25,30.19,68.00,68.02,68.01
2.75,46.25,44.5,30.25,30.25,69.00,69.03,69.01
2.63,46.25,44.25,30.25,30.25,65.99,66.01,66.00
6,46.25,44.25,30.25,30.25,150.57,150.60,150.59
2.67,46.5,44.25,30.25,30.25,66.99,67.02,67.00
2.55,46.5,44.25,30.25,30.25,63.98,64.01,63.99
2.67,46.25,44.25,30.25,30.25,66.99,67.02,67.00
2.71,46.5,44.25,30.25,30.19,67.99,68.02,68.01
2.55,46.5,44,30.25,30.19,63.97,64.00,63.99
2.63,46.25,44,30.25,30.25,65.98,66.01,66.00
2.43,46.25,43.75,30.25,30.19,60.96,60.99,60.98
2.51,46.5,44,30.25,30.19,62.97,63.00,62.98
2.43,46.25,43.75,30.25,30.25,60.96,60.99,60.98
2.82,46.25,44,30.31,30.25,70.75,70.78,70.77
2.39,46.25,44,30.25,30.19,59.96,59.99,59.97
2.43,46.25,43.75,30.31,30.19,60.96,60.99,60.98
2.55,46.25,44.25,30.25,30.25,63.98,64.01,63.99
2.35,46.5,44.25,30.31,30.19,58.96,58.98,58.97
2.55,46.5,44.25,30.25,30.25,63.98,64.01,63.99
2.47,46.5,44.25,30.25,30.19,61.97,62.00,61.98
2.59,46.5,44.25,30.25,30.25,64.98,65.01,64.99
2.39,46.5,44.5,30.25,30.25,59.96,59.99,59.98
2.51,46.5,44.5,30.25,30.25,62.98,63.00,62.99
2.39,46.5,44.5,30.25,30.25,59.96,59.99,59.98
2.51,46.5,44.5,30.25,30.25,62.98,63.00,62.99
2.47,45,43.5,30.25,30.25,61.98,62.00,61.99
2.86,46.75,44.5,30.25,30.25,71.76,71.79,71.77
2.67,46.75,44.5,30.25,30.25,66.99,67.02,67.00
2.67,46.75,44.25,30.25,30.25,66.99,67.02,67.00
2.55,46.75,44.25,30.25,30.25,63.97,64.01,63.99
2.39,46.75,44.25,30.25,30.25,59.96,59.99,59.97
2.35,46.75,44.25,30.25,30.25,58.95,58.99,58.97
2.51,46.75,44.25,30.25,30.25,62.97,63.00,62.99
2.51,46.75,44.25,30.25,30.25,62.97,63.00,62.99
2.51,46.75,44.25,30.25,30.25,62.97,63.00,62.99
2.55,46.75,44,30.25,30.25,63.97,64.01,63.99
2.63,46.75,44,30.25,30.25,65.98,66.01,66.00
2.63,46.75,44,30.25,30.19,65.98,66.01,66.00
2.67,46.75,44.25,30.31,30.25,66.99,67.02,67.00
2.59,46.75,44.25,30.25,30.25,64.98,65.01,64.99
2.71,47,44.25,30.31,30.25,67.99,68.02,68.00
2.59,46.75,44.25,30.25,30.25,64.98,65.01,64.99
2.59,46.75,44.25,30.25,30.25,64.98,65.01,64.99
2.71,47,44.25,30.31,30.25,67.99,68.02,68.00
2.55,47,44.25,30.31,30.25,63.97,64.00,63.99
2.9,47,44.25,30.25,30.25,72.75,72.79,72.77
2.63,47,44.25,30.25,30.25,65.98,66.01,66.00
2.51,47,44.25,30.25,30.25,62.97,63.00,62.98
2.51,47,44.25,30.25,30.25,62.97,63.00,62.98
2.55,47,44.25,30.31,30.19,63.97,64.00,63.99
2.55,47,44.5,30.25,30.25,63.97,64.01,63.99
2.67,47,44.5,30.25,30.25,66.99,67.02,67.00
2.67,47,44.5,30.25,30.25,66.99,67.02,67.00
2.51,47,44.5,30.25,30.19,62.97,63.00,62.98
2.55,47.25,44.5,30.25,30.25,63.97,64.01,63.99
2.67,47.25,44.5,30.25,30.25,66.98,67.02,67.00
2.63,47.25,44.5,30.25,30.25,65.98,66.01,66.00
2.59,47.25,44.25,30.25,30.19,64.97,65.01,64.99
2.67,47.25,44.25,30.25,30.25,66.98,67.02,67.00
2.63,47.25,44.25,30.25,30.25,65.97,66.01,65.99
2.67,47.5,44.25,30.25,30.19,66.98,67.02,67.00
2.63,47.5,44.5,30.25,30.25,65.97,66.01,65.99
2.59,47.5,44.5,30.31,30.25,64.97,65.01,64.99
2.75,47.5,44.5,30.31,30.25,68.99,69.02,69.01
2.55,47.5,44.5,30.25,30.25,63.97,64.01,63.99
2.63,47.5,44.75,30.25,30.25,65.98,66.01,66.00